/*
Navicat MySQL Data Transfer

Source Server         : 80mysql测试用
Source Server Version : 50638
Source Host           : 172.29.231.80:3306
Source Database       : mileworks_gen

Target Server Type    : MYSQL
Target Server Version : 50638
File Encoding         : 65001

Date: 2017-11-22 12:10:13
*/

SET FOREIGN_KEY_CHECKS=0;

-- ----------------------------
-- Table structure for QRTZ_BLOB_TRIGGERS
-- ----------------------------
DROP TABLE IF EXISTS `QRTZ_BLOB_TRIGGERS`;
CREATE TABLE `QRTZ_BLOB_TRIGGERS` (
  `SCHED_NAME` varchar(120) NOT NULL,
  `TRIGGER_NAME` varchar(200) NOT NULL,
  `TRIGGER_GROUP` varchar(200) NOT NULL,
  `BLOB_DATA` blob,
  PRIMARY KEY (`SCHED_NAME`,`TRIGGER_NAME`,`TRIGGER_GROUP`),
  KEY `SCHED_NAME` (`SCHED_NAME`,`TRIGGER_NAME`,`TRIGGER_GROUP`),
  CONSTRAINT `QRTZ_BLOB_TRIGGERS_ibfk_1` FOREIGN KEY (`SCHED_NAME`, `TRIGGER_NAME`, `TRIGGER_GROUP`) REFERENCES `QRTZ_TRIGGERS` (`SCHED_NAME`, `TRIGGER_NAME`, `TRIGGER_GROUP`)
) ENGINE=InnoDB DEFAULT CHARSET=utf8;

-- ----------------------------
-- Records of QRTZ_BLOB_TRIGGERS
-- ----------------------------

-- ----------------------------
-- Table structure for QRTZ_CALENDARS
-- ----------------------------
DROP TABLE IF EXISTS `QRTZ_CALENDARS`;
CREATE TABLE `QRTZ_CALENDARS` (
  `SCHED_NAME` varchar(120) NOT NULL,
  `CALENDAR_NAME` varchar(200) NOT NULL,
  `CALENDAR` blob NOT NULL,
  PRIMARY KEY (`SCHED_NAME`,`CALENDAR_NAME`)
) ENGINE=InnoDB DEFAULT CHARSET=utf8;

-- ----------------------------
-- Records of QRTZ_CALENDARS
-- ----------------------------

-- ----------------------------
-- Table structure for QRTZ_CRON_TRIGGERS
-- ----------------------------
DROP TABLE IF EXISTS `QRTZ_CRON_TRIGGERS`;
CREATE TABLE `QRTZ_CRON_TRIGGERS` (
  `SCHED_NAME` varchar(120) NOT NULL,
  `TRIGGER_NAME` varchar(200) NOT NULL,
  `TRIGGER_GROUP` varchar(200) NOT NULL,
  `CRON_EXPRESSION` varchar(120) NOT NULL,
  `TIME_ZONE_ID` varchar(80) DEFAULT NULL,
  PRIMARY KEY (`SCHED_NAME`,`TRIGGER_NAME`,`TRIGGER_GROUP`),
  CONSTRAINT `QRTZ_CRON_TRIGGERS_ibfk_1` FOREIGN KEY (`SCHED_NAME`, `TRIGGER_NAME`, `TRIGGER_GROUP`) REFERENCES `QRTZ_TRIGGERS` (`SCHED_NAME`, `TRIGGER_NAME`, `TRIGGER_GROUP`)
) ENGINE=InnoDB DEFAULT CHARSET=utf8;

-- ----------------------------
-- Records of QRTZ_CRON_TRIGGERS
-- ----------------------------
INSERT INTO `QRTZ_CRON_TRIGGERS` VALUES ('MileWorksScheduler', 'TASK_1', 'DEFAULT', '0 0/30 * * * ?', 'Asia/Shanghai');
INSERT INTO `QRTZ_CRON_TRIGGERS` VALUES ('MileWorksScheduler', 'TASK_2', 'DEFAULT', '0 0/30 * * * ?', 'Asia/Shanghai');
INSERT INTO `QRTZ_CRON_TRIGGERS` VALUES ('MileWorksScheduler', 'TASK_1', 'DEFAULT', '0 0/30 * * * ?', 'Asia/Shanghai');
INSERT INTO `QRTZ_CRON_TRIGGERS` VALUES ('MileWorksScheduler', 'TASK_2', 'DEFAULT', '0 0/30 * * * ?', 'Asia/Shanghai');

-- ----------------------------
-- Table structure for QRTZ_FIRED_TRIGGERS
-- ----------------------------
DROP TABLE IF EXISTS `QRTZ_FIRED_TRIGGERS`;
CREATE TABLE `QRTZ_FIRED_TRIGGERS` (
  `SCHED_NAME` varchar(120) NOT NULL,
  `ENTRY_ID` varchar(95) NOT NULL,
  `TRIGGER_NAME` varchar(200) NOT NULL,
  `TRIGGER_GROUP` varchar(200) NOT NULL,
  `INSTANCE_NAME` varchar(200) NOT NULL,
  `FIRED_TIME` bigint(13) NOT NULL,
  `SCHED_TIME` bigint(13) NOT NULL,
  `PRIORITY` int(11) NOT NULL,
  `STATE` varchar(16) NOT NULL,
  `JOB_NAME` varchar(200) DEFAULT NULL,
  `JOB_GROUP` varchar(200) DEFAULT NULL,
  `IS_NONCONCURRENT` varchar(1) DEFAULT NULL,
  `REQUESTS_RECOVERY` varchar(1) DEFAULT NULL,
  PRIMARY KEY (`SCHED_NAME`,`ENTRY_ID`),
  KEY `IDX_QRTZ_FT_TRIG_INST_NAME` (`SCHED_NAME`,`INSTANCE_NAME`),
  KEY `IDX_QRTZ_FT_INST_JOB_REQ_RCVRY` (`SCHED_NAME`,`INSTANCE_NAME`,`REQUESTS_RECOVERY`),
  KEY `IDX_QRTZ_FT_J_G` (`SCHED_NAME`,`JOB_NAME`,`JOB_GROUP`),
  KEY `IDX_QRTZ_FT_JG` (`SCHED_NAME`,`JOB_GROUP`),
  KEY `IDX_QRTZ_FT_T_G` (`SCHED_NAME`,`TRIGGER_NAME`,`TRIGGER_GROUP`),
  KEY `IDX_QRTZ_FT_TG` (`SCHED_NAME`,`TRIGGER_GROUP`)
) ENGINE=InnoDB DEFAULT CHARSET=utf8;

-- ----------------------------
-- Records of QRTZ_FIRED_TRIGGERS
-- ----------------------------

-- ----------------------------
-- Table structure for QRTZ_JOB_DETAILS
-- ----------------------------
DROP TABLE IF EXISTS `QRTZ_JOB_DETAILS`;
CREATE TABLE `QRTZ_JOB_DETAILS` (
  `SCHED_NAME` varchar(120) NOT NULL,
  `JOB_NAME` varchar(200) NOT NULL,
  `JOB_GROUP` varchar(200) NOT NULL,
  `DESCRIPTION` varchar(250) DEFAULT NULL,
  `JOB_CLASS_NAME` varchar(250) NOT NULL,
  `IS_DURABLE` varchar(1) NOT NULL,
  `IS_NONCONCURRENT` varchar(1) NOT NULL,
  `IS_UPDATE_DATA` varchar(1) NOT NULL,
  `REQUESTS_RECOVERY` varchar(1) NOT NULL,
  `JOB_DATA` blob,
  PRIMARY KEY (`SCHED_NAME`,`JOB_NAME`,`JOB_GROUP`),
  KEY `IDX_QRTZ_J_REQ_RECOVERY` (`SCHED_NAME`,`REQUESTS_RECOVERY`),
  KEY `IDX_QRTZ_J_GRP` (`SCHED_NAME`,`JOB_GROUP`)
) ENGINE=InnoDB DEFAULT CHARSET=utf8;

-- ----------------------------
-- Records of QRTZ_JOB_DETAILS
-- ----------------------------
INSERT INTO `QRTZ_JOB_DETAILS` VALUES ('MileWorksScheduler', 'TASK_1', 'DEFAULT', null, 'com.mileworks.modules.job.utils.ScheduleJob', '0', '0', '0', '0', 0xACED0005737200156F72672E71756172747A2E4A6F62446174614D61709FB083E8BFA9B0CB020000787200266F72672E71756172747A2E7574696C732E537472696E674B65794469727479466C61674D61708208E8C3FBC55D280200015A0013616C6C6F77735472616E7369656E74446174617872001D6F72672E71756172747A2E7574696C732E4469727479466C61674D617013E62EAD28760ACE0200025A000564697274794C00036D617074000F4C6A6176612F7574696C2F4D61703B787001737200116A6176612E7574696C2E486173684D61700507DAC1C31660D103000246000A6C6F6164466163746F724900097468726573686F6C6478703F4000000000000C7708000000100000000174000D4A4F425F504152414D5F4B455973720032636F6D2E6D696C65776F726B732E6D6F64756C65732E6A6F622E656E746974792E5363686564756C654A6F62456E7469747900000000000000010200084C00086265616E4E616D657400124C6A6176612F6C616E672F537472696E673B4C000A63726561746554696D657400104C6A6176612F7574696C2F446174653B4C000E63726F6E45787072657373696F6E71007E00094C00056A6F6249647400104C6A6176612F6C616E672F4C6F6E673B4C000A6D6574686F644E616D6571007E00094C0006706172616D7371007E00094C000672656D61726B71007E00094C00067374617475737400134C6A6176612F6C616E672F496E74656765723B7870740008746573745461736B7372000E6A6176612E7574696C2E44617465686A81014B5974190300007870770800000158BAF593307874000E3020302F3330202A202A202A203F7372000E6A6176612E6C616E672E4C6F6E673B8BE490CC8F23DF0200014A000576616C7565787200106A6176612E6C616E672E4E756D62657286AC951D0B94E08B020000787000000000000000017400047465737474000672656E72656E74000FE69C89E58F82E695B0E6B58BE8AF95737200116A6176612E6C616E672E496E746567657212E2A0A4F781873802000149000576616C75657871007E0013000000017800);
INSERT INTO `QRTZ_JOB_DETAILS` VALUES ('MileWorksScheduler', 'TASK_2', 'DEFAULT', null, 'com.mileworks.modules.job.utils.ScheduleJob', '0', '0', '0', '0', 0xACED0005737200156F72672E71756172747A2E4A6F62446174614D61709FB083E8BFA9B0CB020000787200266F72672E71756172747A2E7574696C732E537472696E674B65794469727479466C61674D61708208E8C3FBC55D280200015A0013616C6C6F77735472616E7369656E74446174617872001D6F72672E71756172747A2E7574696C732E4469727479466C61674D617013E62EAD28760ACE0200025A000564697274794C00036D617074000F4C6A6176612F7574696C2F4D61703B787001737200116A6176612E7574696C2E486173684D61700507DAC1C31660D103000246000A6C6F6164466163746F724900097468726573686F6C6478703F4000000000000C7708000000100000000174000D4A4F425F504152414D5F4B455973720032636F6D2E6D696C65776F726B732E6D6F64756C65732E6A6F622E656E746974792E5363686564756C654A6F62456E7469747900000000000000010200084C00086265616E4E616D657400124C6A6176612F6C616E672F537472696E673B4C000A63726561746554696D657400104C6A6176612F7574696C2F446174653B4C000E63726F6E45787072657373696F6E71007E00094C00056A6F6249647400104C6A6176612F6C616E672F4C6F6E673B4C000A6D6574686F644E616D6571007E00094C0006706172616D7371007E00094C000672656D61726B71007E00094C00067374617475737400134C6A6176612F6C616E672F496E74656765723B7870740008746573745461736B7372000E6A6176612E7574696C2E44617465686A81014B5974190300007870770800000158C377C4607874000E3020302F3330202A202A202A203F7372000E6A6176612E6C616E672E4C6F6E673B8BE490CC8F23DF0200014A000576616C7565787200106A6176612E6C616E672E4E756D62657286AC951D0B94E08B0200007870000000000000000274000574657374327074000FE697A0E58F82E695B0E6B58BE8AF95737200116A6176612E6C616E672E496E746567657212E2A0A4F781873802000149000576616C75657871007E0013000000017800);
INSERT INTO `QRTZ_JOB_DETAILS` VALUES ('RenrenScheduler', 'TASK_1', 'DEFAULT', null, 'com.mileworks.modules.job.utils.ScheduleJob', '0', '0', '0', '0', 0xACED0005737200156F72672E71756172747A2E4A6F62446174614D61709FB083E8BFA9B0CB020000787200266F72672E71756172747A2E7574696C732E537472696E674B65794469727479466C61674D61708208E8C3FBC55D280200015A0013616C6C6F77735472616E7369656E74446174617872001D6F72672E71756172747A2E7574696C732E4469727479466C61674D617013E62EAD28760ACE0200025A000564697274794C00036D617074000F4C6A6176612F7574696C2F4D61703B787001737200116A6176612E7574696C2E486173684D61700507DAC1C31660D103000246000A6C6F6164466163746F724900097468726573686F6C6478703F4000000000000C7708000000100000000174000D4A4F425F504152414D5F4B45597372002E696F2E72656E72656E2E6D6F64756C65732E6A6F622E656E746974792E5363686564756C654A6F62456E7469747900000000000000010200084C00086265616E4E616D657400124C6A6176612F6C616E672F537472696E673B4C000A63726561746554696D657400104C6A6176612F7574696C2F446174653B4C000E63726F6E45787072657373696F6E71007E00094C00056A6F6249647400104C6A6176612F6C616E672F4C6F6E673B4C000A6D6574686F644E616D6571007E00094C0006706172616D7371007E00094C000672656D61726B71007E00094C00067374617475737400134C6A6176612F6C616E672F496E74656765723B7870740008746573745461736B7372000E6A6176612E7574696C2E44617465686A81014B5974190300007870770800000158BAF593307874000E3020302F3330202A202A202A203F7372000E6A6176612E6C616E672E4C6F6E673B8BE490CC8F23DF0200014A000576616C7565787200106A6176612E6C616E672E4E756D62657286AC951D0B94E08B020000787000000000000000017400047465737474000672656E72656E74000FE69C89E58F82E695B0E6B58BE8AF95737200116A6176612E6C616E672E496E746567657212E2A0A4F781873802000149000576616C75657871007E0013000000007800);
INSERT INTO `QRTZ_JOB_DETAILS` VALUES ('RenrenScheduler', 'TASK_2', 'DEFAULT', null, 'com.mileworks.modules.job.utils.ScheduleJob', '0', '0', '0', '0', 0xACED0005737200156F72672E71756172747A2E4A6F62446174614D61709FB083E8BFA9B0CB020000787200266F72672E71756172747A2E7574696C732E537472696E674B65794469727479466C61674D61708208E8C3FBC55D280200015A0013616C6C6F77735472616E7369656E74446174617872001D6F72672E71756172747A2E7574696C732E4469727479466C61674D617013E62EAD28760ACE0200025A000564697274794C00036D617074000F4C6A6176612F7574696C2F4D61703B787001737200116A6176612E7574696C2E486173684D61700507DAC1C31660D103000246000A6C6F6164466163746F724900097468726573686F6C6478703F4000000000000C7708000000100000000174000D4A4F425F504152414D5F4B45597372002E696F2E72656E72656E2E6D6F64756C65732E6A6F622E656E746974792E5363686564756C654A6F62456E7469747900000000000000010200084C00086265616E4E616D657400124C6A6176612F6C616E672F537472696E673B4C000A63726561746554696D657400104C6A6176612F7574696C2F446174653B4C000E63726F6E45787072657373696F6E71007E00094C00056A6F6249647400104C6A6176612F6C616E672F4C6F6E673B4C000A6D6574686F644E616D6571007E00094C0006706172616D7371007E00094C000672656D61726B71007E00094C00067374617475737400134C6A6176612F6C616E672F496E74656765723B7870740008746573745461736B7372000E6A6176612E7574696C2E44617465686A81014B5974190300007870770800000158C377C4607874000E3020302F3330202A202A202A203F7372000E6A6176612E6C616E672E4C6F6E673B8BE490CC8F23DF0200014A000576616C7565787200106A6176612E6C616E672E4E756D62657286AC951D0B94E08B0200007870000000000000000274000574657374327074000FE697A0E58F82E695B0E6B58BE8AF95737200116A6176612E6C616E672E496E746567657212E2A0A4F781873802000149000576616C75657871007E0013000000017800);

-- ----------------------------
-- Table structure for QRTZ_LOCKS
-- ----------------------------
DROP TABLE IF EXISTS `QRTZ_LOCKS`;
CREATE TABLE `QRTZ_LOCKS` (
  `SCHED_NAME` varchar(120) NOT NULL,
  `LOCK_NAME` varchar(40) NOT NULL,
  PRIMARY KEY (`SCHED_NAME`,`LOCK_NAME`)
) ENGINE=InnoDB DEFAULT CHARSET=utf8;

-- ----------------------------
-- Records of QRTZ_LOCKS
-- ----------------------------
INSERT INTO `QRTZ_LOCKS` VALUES ('MileWorksScheduler', 'STATE_ACCESS');
INSERT INTO `QRTZ_LOCKS` VALUES ('MileWorksScheduler', 'TRIGGER_ACCESS');
INSERT INTO `QRTZ_LOCKS` VALUES ('MileWorksScheduler', 'STATE_ACCESS');
INSERT INTO `QRTZ_LOCKS` VALUES ('MileWorksScheduler', 'TRIGGER_ACCESS');

-- ----------------------------
-- Table structure for QRTZ_PAUSED_TRIGGER_GRPS
-- ----------------------------
DROP TABLE IF EXISTS `QRTZ_PAUSED_TRIGGER_GRPS`;
CREATE TABLE `QRTZ_PAUSED_TRIGGER_GRPS` (
  `SCHED_NAME` varchar(120) NOT NULL,
  `TRIGGER_GROUP` varchar(200) NOT NULL,
  PRIMARY KEY (`SCHED_NAME`,`TRIGGER_GROUP`)
) ENGINE=InnoDB DEFAULT CHARSET=utf8;

-- ----------------------------
-- Records of QRTZ_PAUSED_TRIGGER_GRPS
-- ----------------------------

-- ----------------------------
-- Table structure for QRTZ_SCHEDULER_STATE
-- ----------------------------
DROP TABLE IF EXISTS `QRTZ_SCHEDULER_STATE`;
CREATE TABLE `QRTZ_SCHEDULER_STATE` (
  `SCHED_NAME` varchar(120) NOT NULL,
  `INSTANCE_NAME` varchar(200) NOT NULL,
  `LAST_CHECKIN_TIME` bigint(13) NOT NULL,
  `CHECKIN_INTERVAL` bigint(13) NOT NULL,
  PRIMARY KEY (`SCHED_NAME`,`INSTANCE_NAME`)
) ENGINE=InnoDB DEFAULT CHARSET=utf8;

-- ----------------------------
-- Records of QRTZ_SCHEDULER_STATE
-- ----------------------------
INSERT INTO `QRTZ_SCHEDULER_STATE` VALUES ('MileWorksScheduler', 'DESKTOP-2IQ321M1511321277738', '1511323590722', '15000');
INSERT INTO `QRTZ_SCHEDULER_STATE` VALUES ('MileWorksScheduler', 'DESKTOP-2IQ321M1511317514687', '1511320877714', '15000');

-- ----------------------------
-- Table structure for QRTZ_SIMPLE_TRIGGERS
-- ----------------------------
DROP TABLE IF EXISTS `QRTZ_SIMPLE_TRIGGERS`;
CREATE TABLE `QRTZ_SIMPLE_TRIGGERS` (
  `SCHED_NAME` varchar(120) NOT NULL,
  `TRIGGER_NAME` varchar(200) NOT NULL,
  `TRIGGER_GROUP` varchar(200) NOT NULL,
  `REPEAT_COUNT` bigint(7) NOT NULL,
  `REPEAT_INTERVAL` bigint(12) NOT NULL,
  `TIMES_TRIGGERED` bigint(10) NOT NULL,
  PRIMARY KEY (`SCHED_NAME`,`TRIGGER_NAME`,`TRIGGER_GROUP`),
  CONSTRAINT `QRTZ_SIMPLE_TRIGGERS_ibfk_1` FOREIGN KEY (`SCHED_NAME`, `TRIGGER_NAME`, `TRIGGER_GROUP`) REFERENCES `QRTZ_TRIGGERS` (`SCHED_NAME`, `TRIGGER_NAME`, `TRIGGER_GROUP`)
) ENGINE=InnoDB DEFAULT CHARSET=utf8;

-- ----------------------------
-- Records of QRTZ_SIMPLE_TRIGGERS
-- ----------------------------

-- ----------------------------
-- Table structure for QRTZ_SIMPROP_TRIGGERS
-- ----------------------------
DROP TABLE IF EXISTS `QRTZ_SIMPROP_TRIGGERS`;
CREATE TABLE `QRTZ_SIMPROP_TRIGGERS` (
  `SCHED_NAME` varchar(120) NOT NULL,
  `TRIGGER_NAME` varchar(200) NOT NULL,
  `TRIGGER_GROUP` varchar(200) NOT NULL,
  `STR_PROP_1` varchar(512) DEFAULT NULL,
  `STR_PROP_2` varchar(512) DEFAULT NULL,
  `STR_PROP_3` varchar(512) DEFAULT NULL,
  `INT_PROP_1` int(11) DEFAULT NULL,
  `INT_PROP_2` int(11) DEFAULT NULL,
  `LONG_PROP_1` bigint(20) DEFAULT NULL,
  `LONG_PROP_2` bigint(20) DEFAULT NULL,
  `DEC_PROP_1` decimal(13,4) DEFAULT NULL,
  `DEC_PROP_2` decimal(13,4) DEFAULT NULL,
  `BOOL_PROP_1` varchar(1) DEFAULT NULL,
  `BOOL_PROP_2` varchar(1) DEFAULT NULL,
  PRIMARY KEY (`SCHED_NAME`,`TRIGGER_NAME`,`TRIGGER_GROUP`),
  CONSTRAINT `QRTZ_SIMPROP_TRIGGERS_ibfk_1` FOREIGN KEY (`SCHED_NAME`, `TRIGGER_NAME`, `TRIGGER_GROUP`) REFERENCES `QRTZ_TRIGGERS` (`SCHED_NAME`, `TRIGGER_NAME`, `TRIGGER_GROUP`)
) ENGINE=InnoDB DEFAULT CHARSET=utf8;

-- ----------------------------
-- Records of QRTZ_SIMPROP_TRIGGERS
-- ----------------------------

-- ----------------------------
-- Table structure for QRTZ_TRIGGERS
-- ----------------------------
DROP TABLE IF EXISTS `QRTZ_TRIGGERS`;
CREATE TABLE `QRTZ_TRIGGERS` (
  `SCHED_NAME` varchar(120) NOT NULL,
  `TRIGGER_NAME` varchar(200) NOT NULL,
  `TRIGGER_GROUP` varchar(200) NOT NULL,
  `JOB_NAME` varchar(200) NOT NULL,
  `JOB_GROUP` varchar(200) NOT NULL,
  `DESCRIPTION` varchar(250) DEFAULT NULL,
  `NEXT_FIRE_TIME` bigint(13) DEFAULT NULL,
  `PREV_FIRE_TIME` bigint(13) DEFAULT NULL,
  `PRIORITY` int(11) DEFAULT NULL,
  `TRIGGER_STATE` varchar(16) NOT NULL,
  `TRIGGER_TYPE` varchar(8) NOT NULL,
  `START_TIME` bigint(13) NOT NULL,
  `END_TIME` bigint(13) DEFAULT NULL,
  `CALENDAR_NAME` varchar(200) DEFAULT NULL,
  `MISFIRE_INSTR` smallint(2) DEFAULT NULL,
  `JOB_DATA` blob,
  PRIMARY KEY (`SCHED_NAME`,`TRIGGER_NAME`,`TRIGGER_GROUP`),
  KEY `IDX_QRTZ_T_J` (`SCHED_NAME`,`JOB_NAME`,`JOB_GROUP`),
  KEY `IDX_QRTZ_T_JG` (`SCHED_NAME`,`JOB_GROUP`),
  KEY `IDX_QRTZ_T_C` (`SCHED_NAME`,`CALENDAR_NAME`),
  KEY `IDX_QRTZ_T_G` (`SCHED_NAME`,`TRIGGER_GROUP`),
  KEY `IDX_QRTZ_T_STATE` (`SCHED_NAME`,`TRIGGER_STATE`),
  KEY `IDX_QRTZ_T_N_STATE` (`SCHED_NAME`,`TRIGGER_NAME`,`TRIGGER_GROUP`,`TRIGGER_STATE`),
  KEY `IDX_QRTZ_T_N_G_STATE` (`SCHED_NAME`,`TRIGGER_GROUP`,`TRIGGER_STATE`),
  KEY `IDX_QRTZ_T_NEXT_FIRE_TIME` (`SCHED_NAME`,`NEXT_FIRE_TIME`),
  KEY `IDX_QRTZ_T_NFT_ST` (`SCHED_NAME`,`TRIGGER_STATE`,`NEXT_FIRE_TIME`),
  KEY `IDX_QRTZ_T_NFT_MISFIRE` (`SCHED_NAME`,`MISFIRE_INSTR`,`NEXT_FIRE_TIME`),
  KEY `IDX_QRTZ_T_NFT_ST_MISFIRE` (`SCHED_NAME`,`MISFIRE_INSTR`,`NEXT_FIRE_TIME`,`TRIGGER_STATE`),
  KEY `IDX_QRTZ_T_NFT_ST_MISFIRE_GRP` (`SCHED_NAME`,`MISFIRE_INSTR`,`NEXT_FIRE_TIME`,`TRIGGER_GROUP`,`TRIGGER_STATE`),
  CONSTRAINT `QRTZ_TRIGGERS_ibfk_1` FOREIGN KEY (`SCHED_NAME`, `JOB_NAME`, `JOB_GROUP`) REFERENCES `QRTZ_JOB_DETAILS` (`SCHED_NAME`, `JOB_NAME`, `JOB_GROUP`)
) ENGINE=InnoDB DEFAULT CHARSET=utf8;

-- ----------------------------
-- Records of QRTZ_TRIGGERS
-- ----------------------------
INSERT INTO `QRTZ_TRIGGERS` VALUES ('MileWorksScheduler', 'TASK_1', 'DEFAULT', 'TASK_1', 'DEFAULT', null, '1511321400000', '-1', '5', 'PAUSED', 'CRON', '1511320843000', '0', null, '2', 0xACED0005737200156F72672E71756172747A2E4A6F62446174614D61709FB083E8BFA9B0CB020000787200266F72672E71756172747A2E7574696C732E537472696E674B65794469727479466C61674D61708208E8C3FBC55D280200015A0013616C6C6F77735472616E7369656E74446174617872001D6F72672E71756172747A2E7574696C732E4469727479466C61674D617013E62EAD28760ACE0200025A000564697274794C00036D617074000F4C6A6176612F7574696C2F4D61703B787001737200116A6176612E7574696C2E486173684D61700507DAC1C31660D103000246000A6C6F6164466163746F724900097468726573686F6C6478703F4000000000000C7708000000100000000174000D4A4F425F504152414D5F4B455973720032636F6D2E6D696C65776F726B732E6D6F64756C65732E6A6F622E656E746974792E5363686564756C654A6F62456E7469747900000000000000010200084C00086265616E4E616D657400124C6A6176612F6C616E672F537472696E673B4C000A63726561746554696D657400104C6A6176612F7574696C2F446174653B4C000E63726F6E45787072657373696F6E71007E00094C00056A6F6249647400104C6A6176612F6C616E672F4C6F6E673B4C000A6D6574686F644E616D6571007E00094C0006706172616D7371007E00094C000672656D61726B71007E00094C00067374617475737400134C6A6176612F6C616E672F496E74656765723B7870740008746573745461736B7372000E6A6176612E7574696C2E44617465686A81014B5974190300007870770800000158BAF593307874000E3020302F3330202A202A202A203F7372000E6A6176612E6C616E672E4C6F6E673B8BE490CC8F23DF0200014A000576616C7565787200106A6176612E6C616E672E4E756D62657286AC951D0B94E08B020000787000000000000000017400047465737474000672656E72656E74000FE69C89E58F82E695B0E6B58BE8AF95737200116A6176612E6C616E672E496E746567657212E2A0A4F781873802000149000576616C75657871007E0013000000017800);
INSERT INTO `QRTZ_TRIGGERS` VALUES ('MileWorksScheduler', 'TASK_2', 'DEFAULT', 'TASK_2', 'DEFAULT', null, '1511321400000', '-1', '5', 'PAUSED', 'CRON', '1511320843000', '0', null, '2', 0xACED0005737200156F72672E71756172747A2E4A6F62446174614D61709FB083E8BFA9B0CB020000787200266F72672E71756172747A2E7574696C732E537472696E674B65794469727479466C61674D61708208E8C3FBC55D280200015A0013616C6C6F77735472616E7369656E74446174617872001D6F72672E71756172747A2E7574696C732E4469727479466C61674D617013E62EAD28760ACE0200025A000564697274794C00036D617074000F4C6A6176612F7574696C2F4D61703B787001737200116A6176612E7574696C2E486173684D61700507DAC1C31660D103000246000A6C6F6164466163746F724900097468726573686F6C6478703F4000000000000C7708000000100000000174000D4A4F425F504152414D5F4B455973720032636F6D2E6D696C65776F726B732E6D6F64756C65732E6A6F622E656E746974792E5363686564756C654A6F62456E7469747900000000000000010200084C00086265616E4E616D657400124C6A6176612F6C616E672F537472696E673B4C000A63726561746554696D657400104C6A6176612F7574696C2F446174653B4C000E63726F6E45787072657373696F6E71007E00094C00056A6F6249647400104C6A6176612F6C616E672F4C6F6E673B4C000A6D6574686F644E616D6571007E00094C0006706172616D7371007E00094C000672656D61726B71007E00094C00067374617475737400134C6A6176612F6C616E672F496E74656765723B7870740008746573745461736B7372000E6A6176612E7574696C2E44617465686A81014B5974190300007870770800000158C377C4607874000E3020302F3330202A202A202A203F7372000E6A6176612E6C616E672E4C6F6E673B8BE490CC8F23DF0200014A000576616C7565787200106A6176612E6C616E672E4E756D62657286AC951D0B94E08B0200007870000000000000000274000574657374327074000FE697A0E58F82E695B0E6B58BE8AF95737200116A6176612E6C616E672E496E746567657212E2A0A4F781873802000149000576616C75657871007E0013000000017800);
INSERT INTO `QRTZ_TRIGGERS` VALUES ('MileWorksScheduler', 'TASK_1', 'DEFAULT', 'TASK_1', 'DEFAULT', null, '1509948000000', '-1', '5', 'PAUSED', 'CRON', '1509947214000', '0', null, '2', 0xACED0005737200156F72672E71756172747A2E4A6F62446174614D61709FB083E8BFA9B0CB020000787200266F72672E71756172747A2E7574696C732E537472696E674B65794469727479466C61674D61708208E8C3FBC55D280200015A0013616C6C6F77735472616E7369656E74446174617872001D6F72672E71756172747A2E7574696C732E4469727479466C61674D617013E62EAD28760ACE0200025A000564697274794C00036D617074000F4C6A6176612F7574696C2F4D61703B787001737200116A6176612E7574696C2E486173684D61700507DAC1C31660D103000246000A6C6F6164466163746F724900097468726573686F6C6478703F4000000000000C7708000000100000000174000D4A4F425F504152414D5F4B45597372002E696F2E72656E72656E2E6D6F64756C65732E6A6F622E656E746974792E5363686564756C654A6F62456E7469747900000000000000010200084C00086265616E4E616D657400124C6A6176612F6C616E672F537472696E673B4C000A63726561746554696D657400104C6A6176612F7574696C2F446174653B4C000E63726F6E45787072657373696F6E71007E00094C00056A6F6249647400104C6A6176612F6C616E672F4C6F6E673B4C000A6D6574686F644E616D6571007E00094C0006706172616D7371007E00094C000672656D61726B71007E00094C00067374617475737400134C6A6176612F6C616E672F496E74656765723B7870740008746573745461736B7372000E6A6176612E7574696C2E44617465686A81014B5974190300007870770800000158BAF593307874000E3020302F3330202A202A202A203F7372000E6A6176612E6C616E672E4C6F6E673B8BE490CC8F23DF0200014A000576616C7565787200106A6176612E6C616E672E4E756D62657286AC951D0B94E08B020000787000000000000000017400047465737474000672656E72656E74000FE69C89E58F82E695B0E6B58BE8AF95737200116A6176612E6C616E672E496E746567657212E2A0A4F781873802000149000576616C75657871007E0013000000017800);
INSERT INTO `QRTZ_TRIGGERS` VALUES ('MileWorksScheduler', 'TASK_2', 'DEFAULT', 'TASK_2', 'DEFAULT', null, '1509948000000', '-1', '5', 'PAUSED', 'CRON', '1509947214000', '0', null, '2', 0xACED0005737200156F72672E71756172747A2E4A6F62446174614D61709FB083E8BFA9B0CB020000787200266F72672E71756172747A2E7574696C732E537472696E674B65794469727479466C61674D61708208E8C3FBC55D280200015A0013616C6C6F77735472616E7369656E74446174617872001D6F72672E71756172747A2E7574696C732E4469727479466C61674D617013E62EAD28760ACE0200025A000564697274794C00036D617074000F4C6A6176612F7574696C2F4D61703B787001737200116A6176612E7574696C2E486173684D61700507DAC1C31660D103000246000A6C6F6164466163746F724900097468726573686F6C6478703F4000000000000C7708000000100000000174000D4A4F425F504152414D5F4B45597372002E696F2E72656E72656E2E6D6F64756C65732E6A6F622E656E746974792E5363686564756C654A6F62456E7469747900000000000000010200084C00086265616E4E616D657400124C6A6176612F6C616E672F537472696E673B4C000A63726561746554696D657400104C6A6176612F7574696C2F446174653B4C000E63726F6E45787072657373696F6E71007E00094C00056A6F6249647400104C6A6176612F6C616E672F4C6F6E673B4C000A6D6574686F644E616D6571007E00094C0006706172616D7371007E00094C000672656D61726B71007E00094C00067374617475737400134C6A6176612F6C616E672F496E74656765723B7870740008746573745461736B7372000E6A6176612E7574696C2E44617465686A81014B5974190300007870770800000158C377C4607874000E3020302F3330202A202A202A203F7372000E6A6176612E6C616E672E4C6F6E673B8BE490CC8F23DF0200014A000576616C7565787200106A6176612E6C616E672E4E756D62657286AC951D0B94E08B0200007870000000000000000274000574657374327074000FE697A0E58F82E695B0E6B58BE8AF95737200116A6176612E6C616E672E496E746567657212E2A0A4F781873802000149000576616C75657871007E0013000000017800);

-- ----------------------------
-- Table structure for schedule_job
-- ----------------------------
DROP TABLE IF EXISTS `schedule_job`;
CREATE TABLE `schedule_job` (
  `job_id` bigint(20) NOT NULL AUTO_INCREMENT COMMENT '任务id',
  `bean_name` varchar(200) DEFAULT NULL COMMENT 'spring bean名称',
  `method_name` varchar(100) DEFAULT NULL COMMENT '方法名',
  `params` varchar(2000) DEFAULT NULL COMMENT '参数',
  `cron_expression` varchar(100) DEFAULT NULL COMMENT 'cron表达式',
  `status` tinyint(4) DEFAULT NULL COMMENT '任务状态  0：正常  1：暂停',
  `remark` varchar(255) DEFAULT NULL COMMENT '备注',
  `create_time` datetime DEFAULT NULL COMMENT '创建时间',
  PRIMARY KEY (`job_id`)
) ENGINE=InnoDB AUTO_INCREMENT=3 DEFAULT CHARSET=utf8 COMMENT='定时任务';

-- ----------------------------
-- Records of schedule_job
-- ----------------------------
INSERT INTO `schedule_job` VALUES ('1', 'testTask', 'test', 'mileworks', '0 0/30 * * * ?', '1', '有参数测试', '2016-12-01 23:16:46');
INSERT INTO `schedule_job` VALUES ('2', 'testTask', 'test2', null, '0 0/30 * * * ?', '1', '无参数测试', '2016-12-03 14:55:56');

-- ----------------------------
-- Table structure for schedule_job_log
-- ----------------------------
DROP TABLE IF EXISTS `schedule_job_log`;
CREATE TABLE `schedule_job_log` (
  `log_id` bigint(20) NOT NULL AUTO_INCREMENT COMMENT '任务日志id',
  `job_id` bigint(20) NOT NULL COMMENT '任务id',
  `bean_name` varchar(200) DEFAULT NULL COMMENT 'spring bean名称',
  `method_name` varchar(100) DEFAULT NULL COMMENT '方法名',
  `params` varchar(2000) DEFAULT NULL COMMENT '参数',
  `status` tinyint(4) NOT NULL COMMENT '任务状态    0：成功    1：失败',
  `error` varchar(2000) DEFAULT NULL COMMENT '失败信息',
  `times` int(11) NOT NULL COMMENT '耗时(单位：毫秒)',
  `create_time` datetime DEFAULT NULL COMMENT '创建时间',
  PRIMARY KEY (`log_id`),
  KEY `job_id` (`job_id`)
) ENGINE=InnoDB AUTO_INCREMENT=2 DEFAULT CHARSET=utf8 COMMENT='定时任务日志';

-- ----------------------------
-- Records of schedule_job_log
-- ----------------------------
INSERT INTO `schedule_job_log` VALUES ('1', '1', 'testTask', 'test', 'mileworks', '0', null, '1074', '2017-11-06 14:00:00');

-- ----------------------------
-- Table structure for sys_config
-- ----------------------------
DROP TABLE IF EXISTS `sys_config`;
CREATE TABLE `sys_config` (
  `id` bigint(20) NOT NULL AUTO_INCREMENT,
  `key` varchar(50) DEFAULT NULL COMMENT 'key',
  `value` varchar(2000) DEFAULT NULL COMMENT 'value',
  `status` tinyint(4) DEFAULT '1' COMMENT '状态   0：隐藏   1：显示',
  `remark` varchar(500) DEFAULT NULL COMMENT '备注',
  PRIMARY KEY (`id`),
  UNIQUE KEY `key` (`key`)
) ENGINE=InnoDB AUTO_INCREMENT=3 DEFAULT CHARSET=utf8 COMMENT='系统配置信息表';

-- ----------------------------
-- Records of sys_config
-- ----------------------------
INSERT INTO `sys_config` VALUES ('1', 'CLOUD_STORAGE_CONFIG_KEY', '{\"aliyunAccessKeyId\":\"\",\"aliyunAccessKeySecret\":\"\",\"aliyunBucketName\":\"\",\"aliyunDomain\":\"\",\"aliyunEndPoint\":\"\",\"aliyunPrefix\":\"\",\"qcloudBucketName\":\"\",\"qcloudDomain\":\"\",\"qcloudPrefix\":\"\",\"qcloudSecretId\":\"\",\"qcloudSecretKey\":\"\",\"qiniuAccessKey\":\"NrgMfABZxWLo5B-YYSjoE8-AZ1EISdi1Z3ubLOeZ\",\"qiniuBucketName\":\"ios-app\",\"qiniuDomain\":\"http://7xqbwh.dl1.z0.glb.clouddn.com\",\"qiniuPrefix\":\"upload\",\"qiniuSecretKey\":\"uIwJHevMRWU0VLxFvgy0tAcOdGqasdtVlJkdy6vV\",\"type\":1}', '0', '云存储配置信息');
INSERT INTO `sys_config` VALUES ('2', 'dd', 'dd1', '1', 'dd');

-- ----------------------------
-- Table structure for sys_dept
-- ----------------------------
DROP TABLE IF EXISTS `sys_dept`;
CREATE TABLE `sys_dept` (
  `dept_id` bigint(20) NOT NULL AUTO_INCREMENT,
  `parent_id` bigint(20) DEFAULT NULL COMMENT '上级部门ID，一级部门为0',
  `name` varchar(50) DEFAULT NULL COMMENT '部门名称',
  `order_num` int(11) DEFAULT NULL COMMENT '排序',
  `del_flag` tinyint(4) DEFAULT '0' COMMENT '是否删除  -1：已删除  0：正常',
  PRIMARY KEY (`dept_id`)
) ENGINE=InnoDB AUTO_INCREMENT=7 DEFAULT CHARSET=utf8 COMMENT='部门管理';

-- ----------------------------
-- Records of sys_dept
-- ----------------------------
INSERT INTO `sys_dept` VALUES ('1', '0', 'mileworks', '0', '0');
INSERT INTO `sys_dept` VALUES ('2', '1', '长沙分公司', '1', '0');
INSERT INTO `sys_dept` VALUES ('3', '1', '上海分公司', '2', '0');
INSERT INTO `sys_dept` VALUES ('4', '3', '技术部', '0', '0');
INSERT INTO `sys_dept` VALUES ('5', '3', '销售部', '1', '0');
INSERT INTO `sys_dept` VALUES ('6', '0', '测试部门', '2', '-1');

-- ----------------------------
-- Table structure for sys_log
-- ----------------------------
DROP TABLE IF EXISTS `sys_log`;
CREATE TABLE `sys_log` (
  `id` bigint(20) NOT NULL AUTO_INCREMENT,
  `username` varchar(50) DEFAULT NULL COMMENT '用户名',
  `operation` varchar(50) DEFAULT NULL COMMENT '用户操作',
  `method` varchar(200) DEFAULT NULL COMMENT '请求方法',
  `params` varchar(5000) DEFAULT NULL COMMENT '请求参数',
  `time` bigint(20) NOT NULL COMMENT '执行时长(毫秒)',
  `ip` varchar(64) DEFAULT NULL COMMENT 'IP地址',
  `create_date` datetime DEFAULT NULL COMMENT '创建时间',
  PRIMARY KEY (`id`)
) ENGINE=InnoDB AUTO_INCREMENT=37 DEFAULT CHARSET=utf8 COMMENT='系统日志';

-- ----------------------------
-- Records of sys_log
-- ----------------------------
INSERT INTO `sys_log` VALUES ('1', 'admin', '暂停定时任务', 'com.mileworks.modules.job.controller.ScheduleJobController.pause()', '[1]', '46', '0:0:0:0:0:0:0:1', '2017-11-06 14:05:56');
INSERT INTO `sys_log` VALUES ('2', 'admin', '保存用户', 'com.mileworks.modules.sys.controller.SysUserController.save()', '{\"userId\":2,\"username\":\"long\",\"password\":\"6523726f3e73b4f040b8462725f314815a5494eeeeabc817bb1b7321cf6aa56e\",\"salt\":\"EvaVpA8DLvGJDH1bGPqG\",\"email\":\"borrip0419@gmail.com\",\"mobile\":\"15927645775\",\"status\":1,\"roleIdList\":[],\"createTime\":\"Nov 6, 2017 2:13:22 PM\",\"deptId\":2,\"deptName\":\"长沙分公司\"}', '169', '0:0:0:0:0:0:0:1', '2017-11-06 14:13:23');
INSERT INTO `sys_log` VALUES ('3', 'admin', '保存角色', 'com.mileworks.modules.sys.controller.SysRoleController.save()', '{\"roleId\":1,\"roleName\":\"查看角色\",\"deptId\":2,\"deptName\":\"长沙分公司\",\"menuIdList\":[1,2,15,31,32,3,19,4,23,24,25,6,7,29,28],\"deptIdList\":[1,2,3],\"createTime\":\"Nov 6, 2017 2:14:19 PM\"}', '45', '0:0:0:0:0:0:0:1', '2017-11-06 14:14:20');
INSERT INTO `sys_log` VALUES ('4', 'admin', '修改角色', 'com.mileworks.modules.sys.controller.SysRoleController.update()', '{\"roleId\":1,\"roleName\":\"查看角色\",\"deptId\":2,\"deptName\":\"长沙分公司\",\"menuIdList\":[1,2,15,31,32,3,19,4,23,24,25,6,7,29],\"deptIdList\":[1,2,3],\"createTime\":\"Nov 6, 2017 2:14:20 PM\"}', '20', '0:0:0:0:0:0:0:1', '2017-11-06 14:14:51');
INSERT INTO `sys_log` VALUES ('5', 'admin', '修改角色', 'com.mileworks.modules.sys.controller.SysRoleController.update()', '{\"roleId\":1,\"roleName\":\"查看角色\",\"deptId\":2,\"deptName\":\"长沙分公司\",\"menuIdList\":[1,31,33,34,35],\"deptIdList\":[1,2,3],\"createTime\":\"Nov 6, 2017 2:14:20 PM\"}', '14', '0:0:0:0:0:0:0:1', '2017-11-06 14:22:38');
INSERT INTO `sys_log` VALUES ('6', 'admin', '修改角色', 'com.mileworks.modules.sys.controller.SysRoleController.update()', '{\"roleId\":1,\"roleName\":\"查看角色\",\"deptId\":2,\"deptName\":\"长沙分公司\",\"menuIdList\":[1,31,33,34,35],\"deptIdList\":[],\"createTime\":\"Nov 6, 2017 2:14:20 PM\"}', '211', '0:0:0:0:0:0:0:1', '2017-11-06 15:11:08');
INSERT INTO `sys_log` VALUES ('7', 'admin', '修改用户', 'com.mileworks.modules.sys.controller.SysUserController.update()', '{\"userId\":1,\"username\":\"admin\",\"salt\":\"YzcmCZNvbXocrsz9dm8e\",\"email\":\"root@renren.io\",\"mobile\":\"13612345678\",\"status\":1,\"roleIdList\":[1],\"createTime\":\"Nov 11, 2016 11:11:11 AM\",\"deptId\":1,\"deptName\":\"人人开源集团\"}', '42', '0:0:0:0:0:0:0:1', '2017-11-06 15:11:40');
INSERT INTO `sys_log` VALUES ('8', 'admin', '修改用户', 'com.mileworks.modules.sys.controller.SysUserController.update()', '{\"userId\":2,\"username\":\"long\",\"salt\":\"EvaVpA8DLvGJDH1bGPqG\",\"email\":\"borrip0419@gmail.com\",\"mobile\":\"15927645775\",\"status\":1,\"roleIdList\":[1],\"createTime\":\"Nov 6, 2017 2:13:23 PM\",\"deptId\":2,\"deptName\":\"长沙分公司\"}', '27', '0:0:0:0:0:0:0:1', '2017-11-06 15:11:48');
INSERT INTO `sys_log` VALUES ('9', 'admin', '修改角色', 'com.mileworks.modules.sys.controller.SysRoleController.update()', '{\"roleId\":1,\"roleName\":\"查看角色\",\"deptId\":2,\"deptName\":\"长沙分公司\",\"menuIdList\":[1,2,15,31,32,3,19,4,23,6,7],\"deptIdList\":[],\"createTime\":\"Nov 6, 2017 2:14:20 PM\"}', '105', '0:0:0:0:0:0:0:1', '2017-11-06 16:38:20');
INSERT INTO `sys_log` VALUES ('10', 'admin', '修改用户', 'com.mileworks.modules.sys.controller.SysUserController.update()', '{\"userId\":2,\"username\":\"long\",\"salt\":\"EvaVpA8DLvGJDH1bGPqG\",\"email\":\"borrip0419@gmail.com\",\"mobile\":\"15927645775\",\"status\":1,\"roleIdList\":[1],\"createTime\":\"Nov 6, 2017 2:13:23 PM\",\"deptId\":2,\"deptName\":\"长沙分公司\"}', '35', '0:0:0:0:0:0:0:1', '2017-11-06 16:38:29');
INSERT INTO `sys_log` VALUES ('11', 'admin', '立即执行任务', 'com.mileworks.modules.job.controller.ScheduleJobController.run()', '[1]', '185', '0:0:0:0:0:0:0:1', '2017-11-07 17:32:26');
INSERT INTO `sys_log` VALUES ('12', 'admin', '修改密码', 'com.mileworks.modules.sys.controller.SysUserController.password()', '\"admin\"', '33', '0:0:0:0:0:0:0:1', '2017-11-20 10:15:27');
INSERT INTO `sys_log` VALUES ('13', 'admin', '修改密码', 'com.mileworks.modules.sys.controller.SysUserController.password()', '\"admin\"', '11', '0:0:0:0:0:0:0:1', '2017-11-20 10:15:34');
INSERT INTO `sys_log` VALUES ('14', 'admin', '删除用户', 'com.mileworks.modules.sys.controller.SysUserController.delete()', '[1]', '2', '0:0:0:0:0:0:0:1', '2017-11-20 17:48:30');
INSERT INTO `sys_log` VALUES ('15', 'admin', '保存菜单', 'com.mileworks.modules.sys.controller.SysMenuController.save()', '{\"parentId\":1,\"parentName\":\"系统管理\",\"name\":\"测试菜单\",\"url\":\"statics/1.1/tables_datatables-editor3.html\",\"type\":1,\"icon\":\"fa fa-bath\",\"orderNum\":11}', '12', '0:0:0:0:0:0:0:1', '2017-11-21 13:42:30');
INSERT INTO `sys_log` VALUES ('16', 'admin', '删除用户', 'com.mileworks.modules.sys.controller.SysUserController.delete()', '[2]', '151', '0:0:0:0:0:0:0:1', '2017-11-21 16:14:43');
INSERT INTO `sys_log` VALUES ('17', 'admin', '保存用户', 'com.mileworks.modules.sys.controller.SysUserController.save()', '{\"userId\":3,\"username\":\"long\",\"password\":\"8f50264f23f5d101a1f8f7721a1938039ff57673317722e4ba4fc122ff7910d6\",\"salt\":\"cKIEQlE9MDlnmVUTdETI\",\"email\":\"borrip0419@gmail.com\",\"mobile\":\"15927645775\",\"status\":1,\"roleIdList\":[],\"createTime\":\"Nov 21, 2017 4:15:13 PM\",\"deptId\":4,\"deptName\":\"技术部\",\"locked\":false}', '371', '0:0:0:0:0:0:0:1', '2017-11-21 16:15:13');
INSERT INTO `sys_log` VALUES ('18', 'admin', '删除用户', 'com.mileworks.modules.sys.controller.SysUserController.delete()', '[3]', '21', '0:0:0:0:0:0:0:1', '2017-11-21 16:25:23');
INSERT INTO `sys_log` VALUES ('19', 'admin', '保存用户', 'com.mileworks.modules.sys.controller.SysUserController.save()', '{\"userId\":4,\"username\":\"long\",\"password\":\"fbccdd6f99cea95978da5c709ddce7ec31a7bca6c75586b0bdf2618d5d7a4fb3\",\"salt\":\"KCU1alXiST1bGg2Xr4td\",\"email\":\"borrip0419@gmail.com\",\"mobile\":\"15927645775\",\"status\":1,\"roleIdList\":[1],\"createTime\":\"Nov 21, 2017 4:25:46 PM\",\"deptId\":2,\"deptName\":\"长沙分公司\",\"locked\":false}', '32', '0:0:0:0:0:0:0:1', '2017-11-21 16:25:47');
INSERT INTO `sys_log` VALUES ('20', 'admin', '修改用户', 'com.mileworks.modules.sys.controller.SysUserController.update()', '{\"userId\":4,\"username\":\"long1\",\"salt\":\"KCU1alXiST1bGg2Xr4td\",\"email\":\"borrip0419@gmail.com\",\"mobile\":\"15927645775\",\"status\":1,\"roleIdList\":[1],\"createTime\":\"Nov 21, 2017 4:25:47 PM\",\"deptId\":2,\"deptName\":\"长沙分公司\",\"locked\":false}', '47', '0:0:0:0:0:0:0:1', '2017-11-21 16:26:01');
INSERT INTO `sys_log` VALUES ('21', 'admin', '修改用户', 'com.mileworks.modules.sys.controller.SysUserController.update()', '{\"userId\":4,\"username\":\"long\",\"salt\":\"KCU1alXiST1bGg2Xr4td\",\"email\":\"borrip0419@gmail.com\",\"mobile\":\"15927645775\",\"status\":1,\"roleIdList\":[1],\"createTime\":\"Nov 21, 2017 4:25:47 PM\",\"deptId\":2,\"deptName\":\"长沙分公司\",\"locked\":false}', '24', '0:0:0:0:0:0:0:1', '2017-11-21 16:26:07');
INSERT INTO `sys_log` VALUES ('22', 'admin', '修改角色', 'com.mileworks.modules.sys.controller.SysRoleController.update()', '{\"roleId\":1,\"roleName\":\"查看角色\",\"remark\":\"不错\",\"deptId\":2,\"deptName\":\"长沙分公司\",\"menuIdList\":[1,2,15,31,32,3,19,4,23,6,7],\"deptIdList\":[],\"createTime\":\"Nov 6, 2017 2:14:20 PM\"}', '129', '0:0:0:0:0:0:0:1', '2017-11-21 17:17:37');
INSERT INTO `sys_log` VALUES ('23', 'admin', '保存角色', 'com.mileworks.modules.sys.controller.SysRoleController.save()', '{\"roleId\":2,\"roleName\":\"删除角色\",\"remark\":\"不错不错\",\"deptId\":2,\"deptName\":\"长沙分公司\",\"menuIdList\":[1,2,15,16,17,18,31,32,33,34,35,3,19,20,21,22,4,23,24,25,26,5,6,7,8,9,10,11,12,13,14,27,30,29,28,36],\"deptIdList\":[1],\"createTime\":\"Nov 21, 2017 5:17:54 PM\"}', '24', '0:0:0:0:0:0:0:1', '2017-11-21 17:17:54');
INSERT INTO `sys_log` VALUES ('24', 'admin', '删除角色', 'com.mileworks.modules.sys.controller.SysRoleController.delete()', '[2]', '9', '0:0:0:0:0:0:0:1', '2017-11-21 17:18:10');
INSERT INTO `sys_log` VALUES ('25', 'admin', '保存角色', 'com.mileworks.modules.sys.controller.SysRoleController.save()', '{\"roleId\":3,\"roleName\":\"；啦啦啦啦\",\"deptId\":2,\"deptName\":\"长沙分公司\",\"menuIdList\":[1,2,15,16,17,18,31,32,33,34,35,3,19,20,21,22,4,23,24,25,26,5,6,7,8,9,10,11,12,13,14,27,30,29,28,36],\"deptIdList\":[],\"createTime\":\"Nov 21, 2017 5:18:27 PM\"}', '20', '0:0:0:0:0:0:0:1', '2017-11-21 17:18:27');
INSERT INTO `sys_log` VALUES ('26', 'admin', '删除角色', 'com.mileworks.modules.sys.controller.SysRoleController.delete()', '[3]', '8', '0:0:0:0:0:0:0:1', '2017-11-21 17:18:34');
INSERT INTO `sys_log` VALUES ('27', 'admin', '保存用户', 'com.mileworks.modules.sys.controller.SysUserController.save()', '{\"userId\":5,\"username\":\"long2\",\"password\":\"d4ebf7be2c6b8a272eaa073c0c8902e7ab3a97a3e8efed090c763c08695c167f\",\"salt\":\"GzVRAd9KhLRfACYXq0mk\",\"email\":\"123@gmail.com\",\"status\":1,\"roleIdList\":[1],\"createTime\":\"Nov 21, 2017 5:19:43 PM\",\"deptId\":4,\"deptName\":\"技术部\",\"locked\":false}', '65', '0:0:0:0:0:0:0:1', '2017-11-21 17:19:43');
INSERT INTO `sys_log` VALUES ('28', 'admin', '删除用户', 'com.mileworks.modules.sys.controller.SysUserController.delete()', '[5]', '10', '0:0:0:0:0:0:0:1', '2017-11-21 17:19:47');
INSERT INTO `sys_log` VALUES ('29', 'admin', '保存菜单', 'com.mileworks.modules.sys.controller.SysMenuController.save()', '{\"parentId\":0,\"parentName\":\"一级菜单\",\"name\":\"dfasdf\",\"url\":\"baidu.com\",\"type\":1,\"orderNum\":1}', '8', '0:0:0:0:0:0:0:1', '2017-11-21 17:34:58');
INSERT INTO `sys_log` VALUES ('30', 'admin', '修改菜单', 'com.mileworks.modules.sys.controller.SysMenuController.update()', '{\"menuId\":37,\"parentId\":0,\"parentName\":\"一级菜单\",\"name\":\"dfasdfe\",\"url\":\"baidu.com\",\"type\":1,\"orderNum\":1}', '7', '0:0:0:0:0:0:0:1', '2017-11-21 17:35:05');
INSERT INTO `sys_log` VALUES ('31', 'admin', '删除菜单', 'com.mileworks.modules.sys.controller.SysMenuController.delete()', '37', '13', '0:0:0:0:0:0:0:1', '2017-11-21 17:35:12');
INSERT INTO `sys_log` VALUES ('32', 'admin', '删除菜单', 'com.mileworks.modules.sys.controller.SysMenuController.delete()', '36', '9', '0:0:0:0:0:0:0:1', '2017-11-21 17:37:33');
INSERT INTO `sys_log` VALUES ('33', 'admin', '保存配置', 'com.mileworks.modules.sys.controller.SysConfigController.save()', '{\"key\":\"dd\",\"value\":\"dd\",\"remark\":\"dd\"}', '16', '0:0:0:0:0:0:0:1', '2017-11-21 17:45:45');
INSERT INTO `sys_log` VALUES ('34', 'admin', '修改配置', 'com.mileworks.modules.sys.controller.SysConfigController.update()', '{\"id\":2,\"key\":\"dd\",\"value\":\"dd1\",\"remark\":\"dd\"}', '9', '0:0:0:0:0:0:0:1', '2017-11-21 17:46:15');
INSERT INTO `sys_log` VALUES ('35', 'admin', '恢复定时任务', 'com.mileworks.modules.job.controller.ScheduleJobController.resume()', '[1]', '51', '0:0:0:0:0:0:0:1', '2017-11-21 18:16:20');
INSERT INTO `sys_log` VALUES ('36', 'admin', '暂停定时任务', 'com.mileworks.modules.job.controller.ScheduleJobController.pause()', '[1]', '30', '0:0:0:0:0:0:0:1', '2017-11-21 18:26:27');

-- ----------------------------
-- Table structure for sys_menu
-- ----------------------------
DROP TABLE IF EXISTS `sys_menu`;
CREATE TABLE `sys_menu` (
  `menu_id` bigint(20) NOT NULL AUTO_INCREMENT,
  `parent_id` bigint(20) DEFAULT NULL COMMENT '父菜单ID，一级菜单为0',
  `name` varchar(50) DEFAULT NULL COMMENT '菜单名称',
  `url` varchar(200) DEFAULT NULL COMMENT '菜单URL',
  `perms` varchar(500) DEFAULT NULL COMMENT '授权(多个用逗号分隔，如：user:list,user:create)',
  `type` int(11) DEFAULT NULL COMMENT '类型   0：目录   1：菜单   2：按钮',
  `icon` varchar(50) DEFAULT NULL COMMENT '菜单图标',
  `order_num` int(11) DEFAULT NULL COMMENT '排序',
  PRIMARY KEY (`menu_id`)
) ENGINE=InnoDB AUTO_INCREMENT=38 DEFAULT CHARSET=utf8 COMMENT='菜单管理';

-- ----------------------------
-- Records of sys_menu
-- ----------------------------
INSERT INTO `sys_menu` VALUES ('1', '0', '系统管理', null, null, '0', 'fa fa-cog', '0');
INSERT INTO `sys_menu` VALUES ('2', '1', '管理员管理', 'modules/sys/user.html', '', '1', 'fa fa-user', '1');
INSERT INTO `sys_menu` VALUES ('3', '1', '角色管理', 'modules/sys/role.html', null, '1', 'fa fa-user-secret', '2');
INSERT INTO `sys_menu` VALUES ('4', '1', '菜单管理', 'modules/sys/menu.html', null, '1', 'fa fa-th-list', '3');
INSERT INTO `sys_menu` VALUES ('5', '1', 'SQL监控', 'druid/sql.html', null, '1', 'fa fa-bug', '4');
INSERT INTO `sys_menu` VALUES ('6', '1', '定时任务', 'modules/job/schedule.html', null, '1', 'fa fa-tasks', '5');
INSERT INTO `sys_menu` VALUES ('7', '6', '查看', null, 'sys:schedule:list,sys:schedule:info', '2', null, '0');
INSERT INTO `sys_menu` VALUES ('8', '6', '新增', null, 'sys:schedule:save', '2', null, '0');
INSERT INTO `sys_menu` VALUES ('9', '6', '修改', null, 'sys:schedule:update', '2', null, '0');
INSERT INTO `sys_menu` VALUES ('10', '6', '删除', null, 'sys:schedule:delete', '2', null, '0');
INSERT INTO `sys_menu` VALUES ('11', '6', '暂停', null, 'sys:schedule:pause', '2', null, '0');
INSERT INTO `sys_menu` VALUES ('12', '6', '恢复', null, 'sys:schedule:resume', '2', null, '0');
INSERT INTO `sys_menu` VALUES ('13', '6', '立即执行', null, 'sys:schedule:run', '2', null, '0');
INSERT INTO `sys_menu` VALUES ('14', '6', '日志列表', null, 'sys:schedule:log', '2', null, '0');
INSERT INTO `sys_menu` VALUES ('15', '2', '查看', null, 'sys:user:list,sys:user:info', '2', null, '0');
INSERT INTO `sys_menu` VALUES ('16', '2', '新增', null, 'sys:user:save,sys:role:select', '2', null, '0');
INSERT INTO `sys_menu` VALUES ('17', '2', '修改', null, 'sys:user:update,sys:role:select', '2', null, '0');
INSERT INTO `sys_menu` VALUES ('18', '2', '删除', null, 'sys:user:delete', '2', null, '0');
INSERT INTO `sys_menu` VALUES ('19', '3', '查看', null, 'sys:role:list,sys:role:info', '2', null, '0');
INSERT INTO `sys_menu` VALUES ('20', '3', '新增', null, 'sys:role:save,sys:menu:perms', '2', null, '0');
INSERT INTO `sys_menu` VALUES ('21', '3', '修改', null, 'sys:role:update,sys:menu:perms', '2', null, '0');
INSERT INTO `sys_menu` VALUES ('22', '3', '删除', null, 'sys:role:delete', '2', null, '0');
INSERT INTO `sys_menu` VALUES ('23', '4', '查看', null, 'sys:menu:list,sys:menu:info', '2', null, '0');
INSERT INTO `sys_menu` VALUES ('24', '4', '新增', null, 'sys:menu:save,sys:menu:select', '2', null, '0');
INSERT INTO `sys_menu` VALUES ('25', '4', '修改', null, 'sys:menu:update,sys:menu:select', '2', null, '0');
INSERT INTO `sys_menu` VALUES ('26', '4', '删除', null, 'sys:menu:delete', '2', null, '0');
INSERT INTO `sys_menu` VALUES ('27', '1', '参数管理', 'modules/sys/config.html', 'sys:config:list,sys:config:info,sys:config:save,sys:config:update,sys:config:delete', '1', 'fa fa-sun-o', '6');
INSERT INTO `sys_menu` VALUES ('28', '1', '代码生成器', 'modules/gen/generator.html', 'sys:generator:list,sys:generator:code', '1', 'fa fa-rocket', '8');
INSERT INTO `sys_menu` VALUES ('29', '1', '系统日志', 'modules/sys/log.html', 'sys:log:list', '1', 'fa fa-file-text-o', '7');
INSERT INTO `sys_menu` VALUES ('30', '1', '文件上传', 'modules/oss/oss.html', 'sys:oss:all', '1', 'fa fa-file-image-o', '6');
INSERT INTO `sys_menu` VALUES ('31', '1', '部门管理', 'modules/sys/dept.html', null, '1', 'fa fa-file-code-o', '1');
INSERT INTO `sys_menu` VALUES ('32', '31', '查看', null, 'sys:dept:list,sys:dept:info', '2', null, '0');
INSERT INTO `sys_menu` VALUES ('33', '31', '新增', null, 'sys:dept:save,sys:dept:select', '2', null, '0');
INSERT INTO `sys_menu` VALUES ('34', '31', '修改', null, 'sys:dept:update,sys:dept:select', '2', null, '0');
INSERT INTO `sys_menu` VALUES ('35', '31', '删除', null, 'sys:dept:delete', '2', null, '0');

-- ----------------------------
-- Table structure for sys_oss
-- ----------------------------
DROP TABLE IF EXISTS `sys_oss`;
CREATE TABLE `sys_oss` (
  `id` bigint(20) NOT NULL AUTO_INCREMENT,
  `url` varchar(200) DEFAULT NULL COMMENT 'URL地址',
  `create_date` datetime DEFAULT NULL COMMENT '创建时间',
  PRIMARY KEY (`id`)
) ENGINE=InnoDB DEFAULT CHARSET=utf8 COMMENT='文件上传';

-- ----------------------------
-- Records of sys_oss
-- ----------------------------

-- ----------------------------
-- Table structure for sys_role
-- ----------------------------
DROP TABLE IF EXISTS `sys_role`;
CREATE TABLE `sys_role` (
  `role_id` bigint(20) NOT NULL AUTO_INCREMENT,
  `role_name` varchar(100) DEFAULT NULL COMMENT '角色名称',
  `remark` varchar(100) DEFAULT NULL COMMENT '备注',
  `dept_id` bigint(20) DEFAULT NULL COMMENT '部门ID',
  `create_time` datetime DEFAULT NULL COMMENT '创建时间',
  PRIMARY KEY (`role_id`)
) ENGINE=InnoDB AUTO_INCREMENT=4 DEFAULT CHARSET=utf8 COMMENT='角色';

-- ----------------------------
-- Records of sys_role
-- ----------------------------
INSERT INTO `sys_role` VALUES ('1', '查看角色', '不错', '2', '2017-11-06 14:14:20');

-- ----------------------------
-- Table structure for sys_role_dept
-- ----------------------------
DROP TABLE IF EXISTS `sys_role_dept`;
CREATE TABLE `sys_role_dept` (
  `id` bigint(20) NOT NULL AUTO_INCREMENT,
  `role_id` bigint(20) DEFAULT NULL COMMENT '角色ID',
  `dept_id` bigint(20) DEFAULT NULL COMMENT '部门ID',
  PRIMARY KEY (`id`)
) ENGINE=InnoDB AUTO_INCREMENT=11 DEFAULT CHARSET=utf8 COMMENT='角色与部门对应关系';

-- ----------------------------
-- Records of sys_role_dept
-- ----------------------------

-- ----------------------------
-- Table structure for sys_role_menu
-- ----------------------------
DROP TABLE IF EXISTS `sys_role_menu`;
CREATE TABLE `sys_role_menu` (
  `id` bigint(20) NOT NULL AUTO_INCREMENT,
  `role_id` bigint(20) DEFAULT NULL COMMENT '角色ID',
  `menu_id` bigint(20) DEFAULT NULL COMMENT '菜单ID',
  PRIMARY KEY (`id`)
) ENGINE=InnoDB AUTO_INCREMENT=134 DEFAULT CHARSET=utf8 COMMENT='角色与菜单对应关系';

-- ----------------------------
-- Records of sys_role_menu
-- ----------------------------
INSERT INTO `sys_role_menu` VALUES ('51', '1', '1');
INSERT INTO `sys_role_menu` VALUES ('52', '1', '2');
INSERT INTO `sys_role_menu` VALUES ('53', '1', '15');
INSERT INTO `sys_role_menu` VALUES ('54', '1', '31');
INSERT INTO `sys_role_menu` VALUES ('55', '1', '32');
INSERT INTO `sys_role_menu` VALUES ('56', '1', '3');
INSERT INTO `sys_role_menu` VALUES ('57', '1', '19');
INSERT INTO `sys_role_menu` VALUES ('58', '1', '4');
INSERT INTO `sys_role_menu` VALUES ('59', '1', '23');
INSERT INTO `sys_role_menu` VALUES ('60', '1', '6');
INSERT INTO `sys_role_menu` VALUES ('61', '1', '7');

-- ----------------------------
-- Table structure for sys_user
-- ----------------------------
DROP TABLE IF EXISTS `sys_user`;
CREATE TABLE `sys_user` (
  `user_id` bigint(20) NOT NULL AUTO_INCREMENT,
  `username` varchar(50) NOT NULL COMMENT '用户名',
  `password` varchar(100) DEFAULT NULL COMMENT '密码',
  `salt` varchar(20) DEFAULT NULL COMMENT '盐',
  `email` varchar(100) DEFAULT NULL COMMENT '邮箱',
  `mobile` varchar(100) DEFAULT NULL COMMENT '手机号',
  `status` tinyint(4) DEFAULT NULL COMMENT '状态  0：禁用   1：正常',
  `dept_id` bigint(20) DEFAULT NULL COMMENT '部门ID',
  `create_time` datetime DEFAULT NULL COMMENT '创建时间',
  PRIMARY KEY (`user_id`),
  UNIQUE KEY `username` (`username`)
) ENGINE=InnoDB AUTO_INCREMENT=6 DEFAULT CHARSET=utf8 COMMENT='系统用户';

-- ----------------------------
-- Records of sys_user
-- ----------------------------
INSERT INTO `sys_user` VALUES ('1', 'admin', 'e1153123d7d180ceeb820d577ff119876678732a68eef4e6ffc0b1f06a01f91b', 'YzcmCZNvbXocrsz9dm8e', 'root@mileworks', '13612345678', '1', '1', '2016-11-11 11:11:11');
INSERT INTO `sys_user` VALUES ('4', 'long', 'fbccdd6f99cea95978da5c709ddce7ec31a7bca6c75586b0bdf2618d5d7a4fb3', 'KCU1alXiST1bGg2Xr4td', 'borrip0419@gmail.com', '15927645775', '1', '2', '2017-11-21 16:25:47');

-- ----------------------------
-- Table structure for sys_user_role
-- ----------------------------
DROP TABLE IF EXISTS `sys_user_role`;
CREATE TABLE `sys_user_role` (
  `id` bigint(20) NOT NULL AUTO_INCREMENT,
  `user_id` bigint(20) DEFAULT NULL COMMENT '用户ID',
  `role_id` bigint(20) DEFAULT NULL COMMENT '角色ID',
  PRIMARY KEY (`id`)
) ENGINE=InnoDB AUTO_INCREMENT=8 DEFAULT CHARSET=utf8 COMMENT='用户与角色对应关系';

-- ----------------------------
-- Records of sys_user_role
-- ----------------------------
INSERT INTO `sys_user_role` VALUES ('1', '1', '1');
INSERT INTO `sys_user_role` VALUES ('6', '4', '1');
